,Metrica,Agglomerative,Spectral,Optics,Meanshift,BIRCH,Dbscan,Affinity,Kmeans
0,completeness_score,0.9999999999999998,0.9999999999999997,1.0000000000000002,1.0,0.9999999999999994,0.9999999999999996,1.0,0.9999999999999998
1,fowlkes_mallows_score,0.0,0.0,0.0,0.0,0.0,0.0,0.0,0.0
2,homogeneity_score,0.11031840948625725,0.10156730582861767,0.17462652362823933,0.0,0.10156730582861764,0.17940254272952227,0.413319957421658,0.11031840948625725
3,adjusted_mutual_info_score,-1.6596579222216305e-14,-2.465238258018948e-14,-6.037768482991345e-14,0.0,-2.4652382580189473e-14,-1.2829958157336222e-13,-2.283488320434874e-13,-1.6596579222216305e-14
4,adjusted_rand_score,0.0,0.0,0.0,0.0,0.0,0.0,0.0,0.0
